Date,RELIANCE.NS_close,ADANIPOWER.NS_close,returns,mean,zscore,longs,shorts,exits,long_market,short_market,ret_RELIANCE.NS,ret_ADANIPOWER.NS,RELIANCE.NS,ADANIPOWER.NS,total
2022-07-12,2404.690185546875,292.75,2.1058573507854694,2.237283017358069,,0.0,0.0,0.0,0.0,0.0,,,,,
2022-07-13,2362.0693359375,286.6499938964844,2.109031413022266,2.236171960721215,,0.0,0.0,0.0,0.0,0.0,-1.7724050218836052,-2.083691239458796,-0.0,0.0,0.0
2022-07-14,2381.541748046875,283.70001220703125,2.127585965392256,2.2332490504510543,,0.0,0.0,0.0,0.0,0.0,0.8243793614824746,-1.0291232346994028,0.0,0.0,0.0
2022-07-15,2386.16162109375,286.75,2.1188305816107085,2.228071149341674,,0.0,0.0,0.0,0.0,0.0,0.1939866496425635,1.0750749600754395,0.0,-0.0,0.0
2022-07-18,2406.478515625,289.8500061035156,2.1165561922161924,2.2245868348482265,,0.0,0.0,0.0,0.0,0.0,0.851446706360881,1.081083209595679,0.0,-0.0,0.0
2022-07-19,2421.231689453125,293.3500061035156,2.110665196079017,2.2200634879578667,,0.0,0.0,0.0,0.0,0.0,0.6130606914765302,1.2075211061924218,0.0,-0.0,0.0
2022-07-20,2486.70263671875,289.8999938964844,2.149176854719731,2.216615736666789,,0.0,0.0,0.0,0.0,0.0,2.7040347914995655,-1.1760736782851278,0.0,0.0,0.0
2022-07-21,2470.111328125,294.0,2.1284387333830086,2.211953569603352,,0.0,0.0,0.0,0.0,0.0,-0.6672011501802411,1.4142829216407637,-0.0,-0.0,-0.0
2022-07-22,2486.80224609375,291.29998779296875,2.144399303541176,2.2079471523582366,,0.0,0.0,0.0,0.0,0.0,0.675715210837069,-0.9183714989902225,0.0,0.0,0.0
2022-07-25,2404.640380859375,291.70001220703125,2.109429722849396,2.201715120915258,,0.0,0.0,0.0,0.0,0.0,-3.3039163191779464,0.13732386914715455,-0.0,-0.0,-0.0
2022-07-26,2405.7333984375,297.70001220703125,2.0895237744019193,2.1953143411850164,,0.0,0.0,0.0,0.0,0.0,0.04545451314987847,2.0569076958905086,0.0,-0.0,0.0
2022-07-27,2403.4482421875,312.45001220703125,2.0402152573073606,2.1883440354801253,,0.0,0.0,0.0,0.0,0.0,-0.09498792557330882,4.954652131402115,-0.0,-0.0,-0.0
2022-07-28,2441.1015625,321.95001220703125,2.0258083845506936,2.179762832091873,,0.0,0.0,0.0,0.0,0.0,1.566637452455799,3.0404863590484554,0.0,-0.0,0.0
2022-07-29,2493.110595703125,313.95001220703125,2.072052668593606,2.172590866670668,,0.0,0.0,0.0,0.0,0.0,2.1305558933754964,-2.484857802973328,0.0,0.0,0.0
2022-08-01,2558.084716796875,321.8500061035156,2.0729284825004184,2.164350128210184,,0.0,0.0,0.0,0.0,0.0,2.6061467632335633,2.51632221351048,0.0,-0.0,0.0
2022-08-02,2567.82080078125,328.54998779296875,2.0561238845581427,2.155785288999146,,0.0,0.0,0.0,0.0,0.0,0.38060052978097225,2.081709356034067,0.0,-0.0,0.0
2022-08-03,2589.3798828125,339.6000061035156,2.031405226130873,2.1465271642114936,,0.0,0.0,0.0,0.0,0.0,0.8395867042081173,3.363268519586704,0.0,-0.0,0.0
2022-08-04,2555.154052734375,347.25,1.9958228137979843,2.137335019719538,,0.0,0.0,0.0,0.0,0.0,-1.321777090542231,2.2526483389262664,-0.0,-0.0,-0.0
2022-08-05,2517.5009765625,332.04998779296875,2.0257364892781826,2.130196856138144,,0.0,0.0,0.0,0.0,0.0,-1.4736127605136318,-4.377253335358167,-0.0,0.0,0.0
2022-08-08,2550.434814453125,328.6000061035156,2.0491779149107052,2.124987326269977,,0.0,0.0,0.0,0.0,0.0,1.3081956351649326,-1.0389946743814327,0.0,0.0,0.0
2022-08-10,2565.684814453125,339.75,2.0217706531319313,2.1180735095688306,,0.0,0.0,0.0,0.0,0.0,0.597937258132597,3.3931812810045647,0.0,-0.0,0.0
2022-08-11,2574.229248046875,342.3999938964844,2.0173258207035776,2.11030226252488,,0.0,0.0,0.0,0.0,0.0,0.33302740639136186,0.7799834868239541,0.0,-0.0,0.0
2022-08-12,2615.85595703125,345.1499938964844,2.0253675612983595,2.1016986402389124,,0.0,0.0,0.0,0.0,0.0,1.6170552415235795,0.8031542199242514,0.0,-0.0,0.0
2022-08-16,2634.036865234375,362.3500061035156,1.9836622657185623,2.094247186615449,,0.0,0.0,0.0,0.0,0.0,0.6950271154746002,4.983344201416906,0.0,-0.0,0.0
2022-08-17,2647.796630859375,380.45001220703125,1.9401283183642677,2.0850786351700017,,0.0,0.0,0.0,0.0,0.0,0.5223831832655623,4.9951720156297785,0.0,-0.0,0.0
2022-08-18,2651.93212890625,399.45001220703125,1.8929551270721559,2.0742022181033106,,0.0,0.0,0.0,0.0,0.0,0.1561863928172258,4.994085790608582,0.0,-0.0,0.0
2022-08-19,2604.6494140625,411.95001220703125,1.8441513508028136,2.0619871248807016,,0.0,0.0,0.0,0.0,0.0,-1.7829534296283422,3.1293026957078585,-0.0,-0.0,-0.0
2022-08-22,2597.4248046875,432.5,1.792693447072694,2.0499845606804974,,0.0,0.0,0.0,0.0,0.0,-0.27737358187226446,4.988466363399713,-0.0,-0.0,-0.0
2022-08-23,2637.4833984375,410.8999938964844,1.8592306222978854,2.039660397709888,,0.0,0.0,0.0,0.0,0.0,1.5422426735013595,-4.994221064396676,0.0,0.0,0.0
2022-08-24,2630.4580078125,390.3999938964844,1.9077414185621941,2.0321264264884515,-1.3128938028060342,0.0,0.0,0.0,0.0,0.0,-0.26636719795704034,-4.989048504382421,-0.0,0.0,0.0
2022-08-25,2622.78515625,393.5,1.8969110010108823,2.025161548162632,-1.3250117182388046,0.0,0.0,0.0,0.0,0.0,-0.291692607892291,0.7940589528640185,-0.0,-0.0,-0.0
2022-08-26,2608.78466796875,375.5,1.938381276210086,2.0194732102688926,-0.8385276063996289,0.0,0.0,0.0,0.0,0.0,-0.5338023302399519,-4.574332909783985,-0.0,0.0,0.0
2022-08-29,2588.506103515625,394.25,1.8818509684313673,2.0112820437035297,-1.3256351001031048,0.0,0.0,0.0,0.0,0.0,-0.7773184464823668,4.9933422103861425,-0.0,-0.0,-0.0
2022-08-30,2628.664306640625,413.95001220703125,1.848485904891636,2.0022705544795607,-1.5406210733155343,0.0,0.0,0.0,0.0,0.0,1.5514046140535864,4.996832519221628,0.0,-0.0,0.0
2022-09-01,2551.38720703125,408.5,1.8319005786939093,1.992782034028818,-1.5759530505994785,0.0,0.0,0.0,0.0,0.0,-2.939785784520099,-1.3165870386073308,-0.0,0.0,0.0
2022-09-02,2521.592529296875,401.25,1.8380612625312824,1.9836952362438933,-1.4090662510801508,0.0,0.0,0.0,0.0,0.0,-1.1677834572606294,-1.7747858017135854,-0.0,0.0,0.0
2022-09-05,2560.75439453125,389.8500061035156,1.8822951140145037,1.9747991782203858,-0.9245486008986655,0.0,0.0,0.0,0.0,0.0,1.5530608050022598,-2.8411199742017113,0.0,0.0,0.0
2022-09-06,2587.709228515625,407.75,1.847874054065483,1.965447022243135,-1.1961354529532897,0.0,0.0,0.0,0.0,0.0,1.0526130128660327,4.591507917465942,0.0,-0.0,0.0
2022-09-07,2572.662109375,406.29998779296875,1.8456047090514007,1.955487202426809,-1.161489422958008,0.0,0.0,0.0,0.0,0.0,-0.5814841549742544,-0.3556130489346998,-0.0,0.0,0.0
2022-09-08,2576.29931640625,401.8999938964844,1.8579059884627962,1.9471030779472558,-0.9738858030627816,0.0,0.0,0.0,0.0,0.0,0.14137911923979285,-1.082942168023493,0.0,0.0,0.0
2022-09-09,2560.256103515625,397.0,1.863926292218498,1.939583161874475,-0.852873266474978,0.0,0.0,0.0,0.0,0.0,-0.6227231746117168,-1.219207258248045,-0.0,0.0,0.0
2022-09-12,2588.90478515625,397.6000061035156,1.8735437122545178,1.934027443706047,-0.692049672525716,0.0,0.0,0.0,0.0,0.0,1.1189771836218165,0.15113503866892586,0.0,-0.0,0.0
2022-09-13,2610.528564453125,393.6000061035156,1.8919728142444632,1.9295662580291726,-0.43735998101624857,0.0,0.0,1.0,0.0,0.0,0.8352481489801056,-1.006036201860272,0.0,0.0,0.0
2022-09-14,2579.239013671875,384.54998779296875,1.9031758907070857,1.923937032099622,-0.25402700727256744,0.0,0.0,1.0,0.0,0.0,-1.1985906305455374,-2.299293234301103,-0.0,0.0,0.0
2022-09-15,2553.67919921875,399.20001220703125,1.855827846490152,1.9167003442326132,-0.7845669937082609,0.0,0.0,0.0,0.0,0.0,-0.990982778937477,3.8096541097667913,-0.0,-0.0,-0.0
2022-09-16,2490.40283203125,387.75,1.859838954249372,1.9101575132223205,-0.6836925222899543,0.0,0.0,0.0,0.0,0.0,-2.4778510631585315,-2.8682394431123193,-0.0,0.0,0.0
2022-09-19,2493.641357421875,391.8500061035156,1.8506201846680084,1.9041313451735584,-0.7571838130139901,0.0,0.0,0.0,0.0,0.0,0.13004022276923433,1.0573839080633363,0.0,-0.0,0.0
2022-09-20,2494.0400390625,398.25,1.8345792314759293,1.8987565590961566,-0.9223460838353014,0.0,0.0,0.0,0.0,0.0,0.01598793023858125,1.6332764570108793,0.0,-0.0,0.0
2022-09-21,2500.915771484375,390.5,1.856984283095688,1.8931314855567403,-0.5504152739259162,0.0,0.0,0.0,0.0,0.0,0.2756865292531385,-1.9460138104205882,0.0,0.0,0.0
2022-09-22,2477.348876953125,396.25,1.8328989409496135,1.885922186424704,-0.8906057377880022,0.0,0.0,0.0,0.0,0.0,-0.9423305974539997,1.472471190781044,-0.0,-0.0,-0.0
2022-09-23,2430.912841796875,385.6000061035156,1.8412215422893299,1.8799038827299508,-0.7134566002246484,0.0,0.0,0.0,0.0,0.0,-1.8744245345597599,-2.687695620563879,-0.0,0.0,0.0
2022-09-26,2368.981689453125,366.5,1.8662169535717843,1.874866920492224,-0.18160706531398962,0.0,0.0,1.0,0.0,0.0,-2.5476500547001013,-4.953321006532397,-0.0,0.0,0.0
2022-09-27,2387.815185546875,372.54998779296875,1.8577628542968498,1.869280096925507,-0.3008664053550865,0.0,0.0,1.0,0.0,0.0,0.7950038692826622,1.650747010359832,0.0,-0.0,0.0
2022-09-28,2324.23974609375,367.75,1.8437449141393,1.8646161852061984,-0.6553667793862156,0.0,0.0,0.0,0.0,0.0,-2.6624941426764748,-1.2884144276596121,-0.0,0.0,0.0
2022-09-29,2317.114990234375,369.45001220703125,1.8360627058566927,1.8611473314559457,-0.8689978095338111,0.0,0.0,0.0,0.0,0.0,-0.3065413484710122,0.46227388362507504,-0.0,-0.0,-0.0
2022-09-30,2369.38037109375,373.5,1.8474657485772472,1.8596310188394487,-0.42945185779264555,0.0,0.0,1.0,0.0,0.0,2.255623095083781,1.0962207766010978,0.0,-0.0,0.0
2022-10-03,2361.159423828125,354.8500061035156,1.895212876492359,1.861333069695767,1.1725703097226143,0.0,0.0,0.0,0.0,0.0,-0.34696612523340553,-4.993304925430886,-0.0,0.0,0.0
2022-10-04,2404.70556640625,352.5,1.9201321271822045,1.8655810256994174,1.9621550288872485,0.0,0.0,0.0,0.0,0.0,1.8442694778959101,-0.6622533642651529,0.0,0.0,0.0
2022-10-06,2413.57421875,370.1000061035156,1.8750907502460568,1.866109696631023,0.32274035192638045,0.0,0.0,1.0,0.0,0.0,0.3688040842773077,4.992909532912226,0.0,-0.0,0.0
2022-10-07,2423.7880859375,372.8500061035156,1.8719107097147563,1.8649153396694418,0.2617422973564426,0.0,0.0,1.0,0.0,0.0,0.42318430103176485,0.7430424087133902,0.0,-0.0,0.0
2022-10-10,2397.33154296875,365.3500061035156,1.881255725724862,1.864393497159908,0.6429070649075009,0.0,0.0,0.0,0.0,0.0,-1.0915369673713426,-2.011532755055867,-0.0,0.0,0.0
2022-10-11,2349.60009765625,356.8500061035156,1.88468487892639,1.8626036172504512,0.9777443907076465,0.0,0.0,0.0,0.0,0.0,-1.991023955468063,-2.326536159299164,-0.0,0.0,0.0
2022-10-12,2366.88916015625,356.79998779296875,1.8921564147828132,1.8629471321288331,1.2720732222231323,0.0,0.0,0.0,0.0,0.0,0.735830004316318,-0.014016620342260921,0.0,0.0,0.0
2022-10-13,2374.41259765625,346.8500061035156,1.9236129311473695,1.8654513663373573,2.2982106632867083,0.0,1.0,0.0,0.0,0.0,0.31786184273636664,-2.7886720935726417,0.0,0.0,0.0
2022-10-14,2362.35498046875,331.25,1.9645408962548239,1.8698727102560544,3.1211181449875345,0.0,1.0,0.0,0.0,1.0,-0.5078147411870182,-4.4976231307488845,0.5078147411870182,-4.4976231307488845,-3.9898083895618663
2022-10-17,2400.271240234375,340.6499938964844,1.9524814874120324,1.8736867177520795,2.369970000362902,0.0,1.0,0.0,0.0,1.0,1.605019570687105,2.837734006485859,-1.605019570687105,2.837734006485859,1.232714435798754
2022-10-18,2442.62158203125,345.6000061035156,1.9555451057871238,1.8761283841445002,2.1795150526120786,0.0,1.0,0.0,0.0,1.0,1.7643981682978316,1.4531079688013815,-1.7643981682978316,1.4531079688013815,-0.3112901994964501
2022-10-19,2485.121337890625,333.6000061035156,2.0081340766831732,1.8814703848984233,2.927872671833271,0.0,1.0,0.0,0.0,1.0,1.739923865899562,-3.4722221609005732,-1.739923865899562,-3.4722221609005732,-5.212146026800135
2022-10-20,2491.7978515625,338.45001220703125,1.996383350639291,1.8864963396180194,2.3133339307504626,0.0,1.0,0.0,0.0,1.0,0.26865946423131337,1.4538387334473546,-0.26865946423131337,1.4538387334473546,1.1851792692160412
2022-10-21,2462.900146484375,332.20001220703125,2.0033576219542333,1.8913447274010673,2.165815249860144,0.0,1.0,0.0,0.0,1.0,-1.1597130585855653,-1.8466537965957763,1.1597130585855653,-1.8466537965957763,-0.686940738010211
2022-10-24,2471.12109375,335.54998779296875,1.9966562705320245,1.895769060011518,1.8385508155183463,0.0,0.0,0.0,0.0,1.0,0.33379133447044573,1.008421271173754,-0.33379133447044573,1.008421271173754,0.6746299367033082
2022-10-25,2432.955810546875,332.3500061035156,1.99067353122902,1.8996733873106681,1.586792328603844,0.0,0.0,0.0,0.0,1.0,-1.544452163823673,-0.9536527509658166,1.544452163823673,-0.9536527509658166,0.5907994128578564
2022-10-27,2442.521728515625,337.3999938964844,1.9795171278699368,1.9025915310981842,1.300684356452149,0.0,0.0,0.0,0.0,1.0,0.3931809171083822,1.5194787724468473,-0.3931809171083822,1.5194787724468473,1.126297855338465
2022-10-28,2517.2578125,333.29998779296875,2.021882469687233,1.906548417064189,1.8299349668630038,0.0,0.0,0.0,0.0,1.0,3.059791981043869,-1.2151766975945888,-3.059791981043869,-1.2151766975945888,-4.274968678638458
2022-10-31,2540.62548828125,334.8999938964844,2.02633362335031,1.9122319429595274,1.7310071245501772,0.0,0.0,0.0,0.0,1.0,0.9282988681259763,0.4800498536200015,-0.9282988681259763,0.4800498536200015,-0.44824901450597476
2022-11-01,2520.945068359375,348.8999938964844,1.9776038066279769,1.9161574380388147,0.9282680386443077,0.0,0.0,0.0,0.0,1.0,-0.774628925540255,4.180352420169742,0.774628925540255,4.180352420169742,4.954981345709997
2022-11-02,2536.689208984375,343.1499938964844,2.0004473971706442,1.921151678455569,1.1883175694497643,0.0,0.0,0.0,0.0,1.0,0.6245332682019322,-1.6480367155598086,-0.6245332682019322,-1.6480367155598086,-2.272569983761741
2022-11-03,2546.15576171875,336.75,2.0229991409495303,1.9274323421046888,1.4228480681845426,0.0,0.0,0.0,0.0,1.0,0.37318535912269635,-1.8650718374819575,-0.37318535912269635,-1.8650718374819575,-2.238257196604654
2022-11-04,2583.62353515625,346.8500061035156,2.0080557361312628,1.9324680572058748,1.1220637877981643,0.0,0.0,0.0,0.0,1.0,1.4715428647698925,2.9992594219794055,-1.4715428647698925,2.9992594219794055,1.527716557209513
2022-11-07,2597.4248046875,348.6000061035156,2.008350622850057,1.9383164466025562,1.0607176273903431,0.0,0.0,0.0,0.0,1.0,0.5341826834850849,0.5045408589319011,-0.5341826834850849,0.5045408589319011,-0.02964182455318376
2022-11-09,2594.833984375,365.79998779296875,1.9591911157748259,1.9422487657187395,0.2667744777511147,0.0,0.0,1.0,0.0,1.0,-0.09974572922474279,4.934016462508506,0.09974572922474279,4.934016462508506,5.033762191733249
2022-11-10,2563.44482421875,371.3999938964844,1.9318276348945835,1.9444357884294994,-0.20365578329186768,0.0,0.0,1.0,0.0,0.0,-1.2096789368900795,1.5308929170017027,-0.0,-0.0,-0.0
2022-11-11,2622.5361328125,360.20001220703125,1.9852376515469485,1.9486849483378361,0.6081628292153086,0.0,0.0,0.0,0.0,0.0,2.3051523495052795,-3.0156117053073417,0.0,0.0,0.0
2022-11-14,2609.8310546875,359.79998779296875,1.9814924806277092,1.9532765338874498,0.49509315121494674,0.0,0.0,1.0,0.0,0.0,-0.4844576959698421,-0.11105619114543108,-0.0,0.0,0.0
2022-11-15,2598.122314453125,357.04998779296875,1.9846684825517622,1.9582300597772855,0.5011780844646032,0.0,0.0,0.0,0.0,0.0,-0.4486397774041695,-0.7643135334352347,-0.0,0.0,0.0
2022-11-16,2583.22509765625,345.1499938964844,2.0128148476542758,1.9637416964131864,0.995276246421883,0.0,0.0,0.0,0.0,0.0,-0.5733839671059004,-3.332864949818859,-0.0,0.0,0.0
2022-11-17,2589.9013671875,336.0,2.042263911838247,1.9686433975913826,1.4852670830005632,0.0,0.0,0.0,0.0,0.0,0.2584470682522877,-2.65101957360272,0.0,0.0,0.0
2022-11-18,2588.506103515625,336.5,2.040238045189733,1.9726469281916335,1.342212408624248,0.0,0.0,0.0,0.0,0.0,-0.05387323585184234,0.14880952380953438,-0.0,-0.0,-0.0
2022-11-21,2541.920654296875,331.20001220703125,2.037952778006221,1.9780756624503057,1.2419741089296203,0.0,0.0,0.0,0.0,0.0,-1.7997040515175589,-1.575033519455793,-0.0,0.0,0.0
2022-11-22,2556.02099609375,328.5,2.0516701919731966,1.9840676451922536,1.4804022350767752,0.0,0.0,0.0,0.0,0.0,0.5547121139694022,-0.8152210469556054,0.0,0.0,0.0
2022-11-23,2548.04931640625,325.95001220703125,2.0563393386310844,1.989903765622461,1.5380939098396174,0.0,0.0,0.0,0.0,0.0,-0.3118784900312921,-0.776251991771304,-0.0,0.0,0.0
2022-11-24,2570.021728515625,324.95001220703125,2.0679982706226325,1.9960142120123359,1.7691301048675439,0.0,0.0,0.0,0.0,0.0,0.8623228745181732,-0.30679550929570976,0.0,0.0,0.0
2022-11-25,2608.38623046875,323.95001220703125,2.0858977860087204,2.0024722577198664,2.1404614625258893,0.0,1.0,0.0,0.0,0.0,1.4927695562824361,-0.30773964069368276,0.0,0.0,0.0
2022-11-28,2698.01953125,328.25,2.106497762717229,2.0085684187721946,2.4186712180371543,0.0,1.0,0.0,0.0,1.0,3.43635078786404,1.3273615159553387,-3.43635078786404,1.3273615159553387,-2.108989271908701
2022-11-29,2702.653076171875,324.70001220703125,2.119087473637419,2.0137199713516143,2.3762274141025004,0.0,1.0,0.0,0.0,1.0,0.17173874644740295,-1.0814890458396786,-0.17173874644740295,-1.0814890458396786,-1.2532277922870816
2022-11-30,2721.735595703125,332.75,2.101633585179651,2.0186917079438684,1.8195536504252472,0.0,0.0,0.0,0.0,1.0,0.7060661873139473,2.4792077272347113,-0.7060661873139473,2.4792077272347113,1.773141539920764
2022-12-01,2713.714111328125,330.3999938964844,2.1057694731789227,2.0236991868569287,1.7594094135550966,0.0,0.0,0.0,0.0,1.0,-0.29471945723397175,-0.7062377471121373,0.29471945723397175,-0.7062377471121373,-0.4115182898781655
2022-12-02,2712.56787109375,325.29998779296875,2.1209032231832143,2.02745815840693,1.876899282296158,0.0,0.0,0.0,0.0,1.0,-0.04223879846407819,-1.5435854109348113,0.04223879846407819,-1.5435854109348113,-1.501346612470733
2022-12-05,2673.0078125,323.04998779296875,2.113152566663269,2.031350465607729,1.5792636198905177,0.0,0.0,0.0,0.0,1.0,-1.4583988483871102,-0.6916692543597502,1.4583988483871102,-0.6916692543597502,0.76672959402736
2022-12-06,2680.73046875,324.79998779296875,2.110635028628485,2.0349263791635375,1.4157939997442683,0.0,0.0,0.0,0.0,1.0,0.2889125955369831,0.5417118297870172,-0.2889125955369831,0.5417118297870172,0.25279923425003403
2022-12-07,2641.170166015625,324.45001220703125,2.0968458639483907,2.0382660322774164,1.0822775981012605,0.0,0.0,0.0,0.0,1.0,-1.4757284701144013,-0.10775110809443378,1.4757284701144013,-0.10775110809443378,1.3679773620199676
2022-12-08,2639.924560546875,323.75,2.0985340071678995,2.041861381475379,1.0410582375154016,0.0,0.0,0.0,0.0,1.0,-0.04716112141418538,-0.21575348457208987,0.04716112141418538,-0.21575348457208987,-0.1685923631579045
2022-12-09,2599.916015625,316.04998779296875,2.107334031510598,2.0461219449300674,1.1253945992672534,0.0,0.0,0.0,0.0,1.0,-1.5155184932097887,-2.378382148889957,1.5155184932097887,-2.378382148889957,-0.8628636556801683
2022-12-12,2603.90185546875,310.20001220703125,2.1275490226114533,2.0496441633608753,1.3871844840710545,0.0,0.0,0.0,0.0,1.0,0.15330648450933015,-1.8509652940627785,-0.15330648450933015,-1.8509652940627785,-2.0042717785721087
2022-12-13,2615.760009765625,323.0,2.0916576457598888,2.0518216307745276,0.705176322941989,0.0,0.0,0.0,0.0,1.0,0.45539943342989275,4.1263659862224245,-0.45539943342989275,4.1263659862224245,3.6709665527925317
2022-12-14,2606.29345703125,319.3500061035156,2.0993966604488645,2.055881392568557,0.7863568121987367,0.0,0.0,0.0,0.0,1.0,-0.3619044827901985,-1.1300290701189986,0.3619044827901985,-1.1300290701189986,-0.7681245873288001
2022-12-15,2569.274169921875,315.45001220703125,2.0973784843311245,2.05911242880724,0.6980706069003114,0.0,0.0,0.0,0.0,1.0,-1.4203806179041156,-1.2212286901351121,1.4203806179041156,-1.2212286901351121,0.19915192776900348
2022-12-16,2556.569091796875,307.8999938964844,2.116646404980122,2.0622340042749263,0.9830027724646446,0.0,0.0,0.0,0.0,1.0,-0.49450067547234244,-2.3934119570081847,0.49450067547234244,-2.3934119570081847,-1.8989112815358422
2022-12-19,2590.150390625,305.79998779296875,2.1365399653095922,2.066516811914204,1.2507758197283767,0.0,0.0,0.0,0.0,1.0,1.313529876265629,-0.6820416190789658,-1.313529876265629,-0.6820416190789658,-1.9955714953445947
2022-12-20,2612.5712890625,305.75,2.1453224090129086,2.0710825381196325,1.3103213069112765,0.0,0.0,0.0,0.0,1.0,0.8656214912713844,-0.01634656473649132,-0.8656214912713844,-0.01634656473649132,-0.8819680560078758
2022-12-21,2575.402587890625,290.5,2.1821575693971873,2.078514753240378,1.847620391801925,0.0,0.0,0.0,0.0,1.0,-1.4226865818927625,-4.987735077677846,1.4226865818927625,-4.987735077677846,-3.5650484957850836
2022-12-22,2568.72607421875,276.0,2.230764498311268,2.0884793153542676,2.5549789617824064,0.0,1.0,0.0,0.0,1.0,-0.2592415532727821,-4.991394148020656,0.2592415532727821,-4.991394148020656,-4.732152594747873
2022-12-23,2493.39208984375,262.20001220703125,2.2522917295823253,2.0973811179554462,2.590089700774465,0.0,1.0,0.0,0.0,1.0,-2.9327371700352267,-4.999995577162586,2.9327371700352267,-4.999995577162586,-2.0672584071273596
2022-12-26,2515.165283203125,275.29998779296875,2.21223243153416,2.105072449652328,1.8093545009140855,0.0,0.0,0.0,0.0,1.0,0.8732358399652806,4.996176573628008,-0.8732358399652806,4.996176573628008,4.122940733662728
2022-12-27,2535.74267578125,289.04998779296875,2.171642200571391,2.1113049069196492,1.0801430642699201,0.0,0.0,0.0,0.0,1.0,0.8181328167793156,4.99455161993696,-0.8181328167793156,4.99455161993696,4.176418803157644
2022-12-28,2535.493408203125,303.5,2.1227619249305736,2.1149698094955256,0.14787820287746822,0.0,0.0,1.0,0.0,1.0,-0.009830160627333218,4.999139532010988,0.009830160627333218,4.999139532010988,5.0089696926383205
2022-12-29,2534.34765625,304.5,2.119020460946424,2.117528361132465,0.029330003083394885,0.0,0.0,1.0,0.0,0.0,-0.04518852028635445,0.32948929159801743,-0.0,-0.0,-0.0
2022-12-30,2538.23388671875,299.54998779296875,2.1369424901972147,2.1207518426327145,0.3315766507871875,0.0,0.0,1.0,0.0,0.0,0.15334243741840226,-1.6256197724240584,0.0,0.0,0.0
2023-01-02,2566.832763671875,298.1499938964844,2.1528313351009514,2.124581127869205,0.6066954718777867,0.0,0.0,0.0,0.0,0.0,1.126723471102009,-0.4673656997282061,0.0,0.0,0.0
2023-01-03,2548.04931640625,294.75,2.156955832034777,2.1280906492045917,0.6441095987119249,0.0,0.0,0.0,0.0,0.0,-0.7317752652788778,-1.1403635640069187,-0.0,0.0,0.0
2023-01-04,2509.684814453125,286.6000061035156,2.1698249156196314,2.1318735017708765,0.8762089580684354,0.0,0.0,0.0,0.0,0.0,-1.505642049630107,-2.765053060724132,-0.0,0.0,0.0
2023-01-05,2505.20068359375,288.75,2.1605628616851478,2.134958988139627,0.6113730322189265,0.0,0.0,0.0,0.0,0.0,-0.178673068169799,0.7501723135720395,-0.0,-0.0,-0.0
2023-01-06,2527.969970703125,283.3999938964844,2.188312570798807,2.1383728142992964,1.1914154423780643,0.0,0.0,0.0,0.0,0.0,0.9088807638640839,-1.852815966585497,0.0,0.0,0.0
2023-01-09,2587.6591796875,287.70001220703125,2.196590641414008,2.1413759102558556,1.2908933271748502,0.0,0.0,0.0,0.0,0.0,2.3611518204772475,1.5172965431034857,0.0,-0.0,0.0
2023-01-10,2549.394287109375,279.20001220703125,2.2116826608601055,2.1444624164966117,1.513358920376876,0.0,0.0,0.0,0.0,0.0,-1.478745457612629,-2.9544663327589094,-0.0,0.0,0.0
2023-01-11,2517.2578125,276.20001220703125,2.2098001332046313,2.1480679680974446,1.3656161214064584,0.0,0.0,0.0,0.0,0.0,-1.260553331113523,-1.0744985203566038,-0.0,0.0,0.0
2023-01-12,2462.900146484375,273.6499938964844,2.1972449605936255,2.151117151011268,1.0174197794894748,0.0,0.0,0.0,0.0,0.0,-2.159400032277181,-0.9232506147159203,-0.0,0.0,0.0
2023-01-13,2458.9140625,278.70001220703125,2.177339115168039,2.152998347410762,0.5383719269364036,0.0,0.0,0.0,0.0,0.0,-0.1618451316455105,1.845429717954672,-0.0,-0.0,-0.0
2023-01-16,2435.496826171875,272.95001220703125,2.188617377142805,2.1555138410934136,0.7353504699926519,0.0,0.0,0.0,0.0,0.0,-0.9523405752666525,-2.0631502505025545,-0.0,0.0,0.0
2023-01-17,2470.07470703125,281.95001220703125,2.170273881378057,2.1575018028517325,0.28845250279556206,0.0,0.0,1.0,0.0,0.0,1.419746496394514,3.297307051656606,0.0,-0.0,0.0
2023-01-18,2465.989013671875,278.70001220703125,2.180212250305673,2.160280682396975,0.4642202746847259,0.0,0.0,1.0,0.0,0.0,-0.16540768373299874,-1.1526865966629551,-0.0,0.0,0.0
2023-01-19,2463.348388671875,277.54998779296875,2.183275783875449,2.163105408287227,0.48607225366347523,0.0,0.0,1.0,0.0,0.0,-0.1070817828206061,-0.4126388100794909,-0.0,0.0,0.0
2023-01-20,2434.0517578125,275.04998779296875,2.180359682889067,2.1655395966665094,0.3683384927103522,0.0,0.0,1.0,0.0,0.0,-1.1893011558616884,-0.9007386452723698,-0.0,0.0,0.0
2023-01-23,2421.745361328125,273.20001220703125,2.1820396105049182,2.1673559495962915,0.3699865450231083,0.0,0.0,1.0,0.0,0.0,-0.5055930484992976,-0.6725961345360965,-0.0,0.0,0.0
2023-01-24,2407.44580078125,274.6499938964844,2.1708240931973606,2.1699948311775406,0.022398782743305454,0.0,0.0,1.0,0.0,0.0,-0.5904650742897588,0.5307399797457979,-0.0,-0.0,-0.0
2023-01-25,2374.163330078125,261.0,2.207879965007774,2.173610941329504,0.9752315195130121,0.0,0.0,0.0,0.0,0.0,-1.3824805813831609,-4.969959657683098,-0.0,0.0,0.0
2023-01-27,2329.12255859375,247.9499969482422,2.24001979071236,2.178365651542212,1.8078374577155383,0.0,0.0,0.0,0.0,0.0,-1.897121858203954,-5.000001169255864,-0.0,0.0,0.0
2023-01-30,2351.443603515625,235.5500030517578,2.3008614998000034,2.1845061547028743,2.9941872451960605,0.0,1.0,0.0,0.0,0.0,0.9583456585192218,-5.001005867756792,0.0,0.0,0.0
2023-01-31,2345.564453125,223.8000030517578,2.349528547359027,2.1916057741045223,3.2803192951825997,0.0,1.0,0.0,0.0,1.0,-0.2500230233816847,-4.988325131720828,0.2500230233816847,-4.988325131720828,-4.738302108339143
2023-02-01,2331.663330078125,212.64999389648438,2.3946895744443193,2.199918012952236,3.2486613850982358,0.0,1.0,0.0,0.0,1.0,-0.5926557689921674,-4.982130921908345,0.5926557689921674,-4.982130921908345,-4.3894751529161775
2023-02-02,2318.759033203125,202.0500030517578,2.4402722154407255,2.2085218344870206,3.1251632158559577,0.0,1.0,0.0,0.0,1.0,-0.5534373984672825,-4.984712508332601,0.5534373984672825,-4.984712508332601,-4.431275109865318
2023-02-03,2320.802001953125,191.9499969482422,2.492433189872105,2.217244124205715,3.0421297653357726,0.0,1.0,0.0,0.0,1.0,0.08810612576581889,-4.998765627797774,-0.08810612576581889,-4.998765627797774,-5.086871753563593
2023-02-06,2303.313720703125,182.35000610351562,2.5361761624411283,2.2267069386343423,2.8788882212335407,0.0,1.0,0.0,0.0,1.0,-0.7535447330398015,-5.0012977324063845,0.7535447330398015,-5.0012977324063845,-4.247752999366583
2023-02-07,2297.783203125,173.25,2.5849644743412474,2.239131340061245,2.7500560590584806,0.0,1.0,0.0,0.0,1.0,-0.2401113460322124,-4.990406251124435,0.2401113460322124,-4.990406251124435,-4.750294905092223
2023-02-08,2343.671142578125,181.89999389648438,2.5560167913495144,2.2519438264205154,2.2088821642926653,0.0,1.0,0.0,0.0,1.0,1.9970526109998943,4.9927814698322415,-1.9970526109998943,4.9927814698322415,2.995728858832347
2023-02-09,2347.7568359375,172.8000030517578,2.609080739347263,2.2681544535677385,2.2727950025251453,0.0,1.0,0.0,0.0,1.0,0.17432878210381642,-5.0027438977844,-0.17432878210381642,-5.0027438977844,-5.177072679888217
2023-02-10,2328.4248046875,164.1999969482422,2.6518620900121856,2.285915841203264,2.2486432254441664,0.0,1.0,0.0,0.0,1.0,-0.8234256186194999,-4.976855296084526,0.8234256186194999,-4.976855296084526,-4.153429677465026
2023-02-13,2315.171875,156.0,2.697383200575319,2.304597198215867,2.2238405830607406,0.0,1.0,0.0,0.0,1.0,-0.5691800594470386,-4.993908100270506,0.5691800594470386,-4.993908100270506,-4.424728040823467
2023-02-14,2369.729248046875,148.1999969482422,2.7719682940028783,2.325235096845932,2.307109935588885,0.0,1.0,0.0,0.0,1.0,2.3565150231826815,-5.000001956255007,-2.3565150231826815,-5.000001956255007,-7.356516979437688
2023-02-15,2423.389404296875,140.8000030517578,2.845581954142611,2.3481893009161925,2.3367257066820035,0.0,1.0,0.0,0.0,1.0,2.264400302027192,-4.993248346063572,-2.264400302027192,-4.993248346063572,-7.257648648090764
2023-02-16,2421.496337890625,147.8000030517578,2.7962809203492096,2.3690711677405125,1.8975968283032714,0.0,0.0,0.0,0.0,1.0,-0.07811647615910688,4.97159080133458,0.07811647615910688,4.97159080133458,5.049707277493686
2023-02-17,2431.6103515625,155.14999389648438,2.7519166614098025,2.3887829610646674,1.5650358086891782,0.0,0.0,0.0,0.0,1.0,0.41767619110608667,4.972930103494444,-0.41767619110608667,4.972930103494444,4.555253912388357
2023-02-20,2405.901123046875,162.89999389648438,2.692543321559537,2.405590652756692,1.2197931246421878,0.0,0.0,0.0,0.0,1.0,-1.0572922795424322,4.995166164924747,1.0572922795424322,4.995166164924747,6.052458444467179
2023-02-21,2425.531982421875,171.0,2.652142597004511,2.420775717943042,0.9803989062934982,0.0,0.0,0.0,0.0,1.0,0.8159462243460425,4.9723796236989415,-0.8159462243460425,4.9723796236989415,4.156433399352899
2023-02-22,2370.526123046875,162.4499969482422,2.680496959009913,2.436402861214702,1.0291148798933507,0.0,0.0,0.0,0.0,1.0,-2.267785367236308,-5.000001784653696,2.267785367236308,-5.000001784653696,-2.732216417417388
2023-02-23,2359.166259765625,154.35000610351562,2.726840765349817,2.453637548952875,1.1434283157111877,0.0,0.0,0.0,0.0,1.0,-0.47921274398988745,-4.986144042407881,0.47921274398988745,-4.986144042407881,-4.506931298417994
2023-02-24,2375.309326171875,146.64999389648438,2.7848341967827444,2.473223856825846,1.2915779218881007,0.0,0.0,0.0,0.0,1.0,0.6842699762861892,-4.9886698429199905,-0.6842699762861892,-4.9886698429199905,-5.67293981920618
2023-02-27,2359.51513671875,139.35000610351562,2.829222628641046,2.494953307274946,1.3753399142038956,0.0,0.0,0.0,0.0,1.0,-0.6649319008307564,-4.97783027397981,0.6649319008307564,-4.97783027397981,-4.3128983731490536
2023-02-28,2314.374755859375,146.3000030517578,2.7612355172934118,2.514040578613299,1.02728007705454,0.0,0.0,0.0,0.0,1.0,-1.9131210542751242,4.987439285133144,1.9131210542751242,4.987439285133144,6.900560339408268
2023-03-01,2335.6494140625,153.60000610351562,2.7216933926385147,2.5324212289886474,0.8073130773718877,0.0,0.0,0.0,0.0,1.0,0.9192399869236034,4.989749076885008,-0.9192399869236034,4.989749076885008,4.070509089961405
2023-03-02,2317.8623046875,161.25,2.665444663822437,2.54859564277254,0.5172775437438422,0.0,0.0,0.0,0.0,1.0,-0.7615487696016054,4.980464578451138,0.7615487696016054,4.980464578451138,5.742013348052744
2023-03-03,2377.003173828125,169.3000030517578,2.641923495418758,2.563883899823984,0.3619627279204997,0.0,0.0,1.0,0.0,1.0,2.5515264224722056,4.992249954578498,-2.5515264224722056,4.992249954578498,2.4407235321062926
2023-03-06,2400.22119140625,177.75,2.602938106491868,2.5779698472774104,0.12292162996711602,0.0,0.0,1.0,0.0,0.0,0.976776885860553,4.991138095643666,0.0,-0.0,0.0
2023-03-08,2408.841064453125,186.60000610351562,2.557933703580524,2.5904996503799307,-0.17234518673751173,0.0,0.0,1.0,0.0,0.0,0.3591282785827321,4.978906387350568,0.0,-0.0,0.0
2023-03-09,2350.9453125,195.89999389648438,2.4849684930971696,2.600971130376591,-0.6708354895400914,0.0,0.0,0.0,0.0,0.0,-2.4034691540045228,4.983916124745247,-0.0,-0.0,-0.0
2023-03-10,2314.52392578125,204.89999389648438,2.424437272304198,2.6081897072864715,-1.1485725111054215,0.0,0.0,0.0,0.0,0.0,-1.5492230518973416,4.594180847578633,-0.0,-0.0,-0.0
2023-03-13,2276.45849609375,215.10000610351562,2.359273158505175,2.612164819546232,-1.6660433454093624,0.0,0.0,0.0,0.0,0.0,-1.64463323379348,4.978044173190321,-0.0,-0.0,-0.0
2023-03-14,2267.9384765625,204.35000610351562,2.406792297865359,2.615695846148411,-1.436771890771465,0.0,0.0,0.0,0.0,0.0,-0.3742664118792316,-4.997675357957276,-0.0,0.0,0.0
2023-03-15,2229.175537109375,201.8000030517578,2.4021099587500605,2.617448559861445,-1.5125922809033336,0.0,0.0,0.0,0.0,0.0,-1.7091706787336514,-1.2478605214555683,-0.0,0.0,0.0
2023-03-16,2218.064697265625,198.6999969482422,2.412594202476743,2.6180453807958597,-1.452646098255127,0.0,0.0,0.0,0.0,0.0,-0.4984282152206698,-1.5361774314346932,-0.0,0.0,0.0
2023-03-17,2215.274658203125,199.9499969482422,2.4050643539505194,2.6168717854128527,-1.4801906997237329,0.0,0.0,0.0,0.0,0.0,-0.12578709114929865,0.6290890886755385,-0.0,-0.0,-0.0
2023-03-20,2193.50146484375,190.1999969482422,2.445178254350896,2.615296620895479,-1.1751581850797075,0.0,0.0,0.0,0.0,0.0,-0.9828665388623148,-4.876219129187498,-0.0,0.0,0.0
2023-03-21,2261.710693359375,199.6999969482422,2.4270605247530015,2.6116594329725413,-1.2460294478198866,0.0,0.0,0.0,0.0,0.0,3.109604876442784,4.994742456586465,0.0,-0.0,0.0
2023-03-22,2268.58642578125,204.0500030517578,2.4085471197769683,2.605778854487065,-1.2918152334614719,0.0,0.0,0.0,0.0,0.0,0.30400583249055035,2.178270490731671,0.0,-0.0,0.0
2023-03-23,2239.8876953125,201.39999389648438,2.4088880575920064,2.600874563361815,-1.2256303532712514,0.0,0.0,0.0,0.0,0.0,-1.2650490253580227,-1.2987057660573842,-0.0,0.0,0.0
2023-03-24,2195.54443359375,192.60000610351562,2.433569797227809,2.5950241986245,-1.0117706745048949,0.0,0.0,0.0,0.0,0.0,-1.9797091528985566,-4.369408172619793,-0.0,0.0,0.0
2023-03-27,2229.673828125,183.0,2.5001244355001164,2.5899662768074307,-0.5611038258216267,0.0,0.0,0.0,0.0,0.0,1.5544843460710833,-4.984426687066645,0.0,0.0,0.0
2023-03-28,2240.0869140625,173.85000610351562,2.556077051455297,2.585256071836764,-0.18360669328374793,0.0,0.0,1.0,0.0,0.0,0.46702283563406777,-4.999996664745565,0.0,0.0,0.0
2023-03-29,2226.833740234375,182.5,2.5015858350645876,2.576243323205487,-0.4798050582081554,0.0,0.0,1.0,0.0,0.0,-0.5916365898539944,4.975549952718383,-0.0,-0.0,-0.0
2023-03-31,2322.8447265625,191.60000610351562,2.4951379913716365,2.564561857779788,-0.4702471643570823,0.0,0.0,1.0,0.0,0.0,4.311547134992666,4.986304714255141,0.0,-0.0,0.0
2023-04-03,2323.2431640625,190.5500030517578,2.5008047606948445,2.5547126524579755,-0.38134149371383214,0.0,0.0,1.0,0.0,0.0,0.017152997591440844,-0.5480182767794495,0.0,0.0,0.0
2023-04-05,2317.6630859375,190.10000610351562,2.5007643848568684,2.5463409099062115,-0.33355111135483223,0.0,0.0,1.0,0.0,0.0,-0.24018485069993156,-0.2361568832512484,-0.0,0.0,0.0
2023-04-06,2333.2080078125,192.1999969482422,2.496462946331197,2.5398048973985996,-0.3232755724739852,0.0,0.0,1.0,0.0,0.0,0.6707153412124134,1.1046768949513064,0.0,-0.0,0.0
2023-04-10,2316.66650390625,194.0,2.4800264205711025,2.5340676915174862,-0.40701505380442987,0.0,0.0,1.0,0.0,0.0,-0.7089596748709348,0.9365260563674926,-0.0,-0.0,-0.0
2023-04-11,2328.126220703125,194.0,2.4849608668333176,2.5275498217782664,-0.32732715788625605,0.0,0.0,1.0,0.0,0.0,0.494664069150752,0.0,0.0,-0.0,0.0
2023-04-12,2338.3896484375,192.4499969482422,2.497381423143379,2.519901177038052,-0.18070669764795805,0.0,0.0,1.0,0.0,0.0,0.44084498697305463,-0.7989706452359857,0.0,0.0,0.0
2023-04-13,2347.20849609375,189.14999389648438,2.5184417082430954,2.5110214274200633,0.06500910006833535,0.0,0.0,1.0,0.0,0.0,0.3771333687754952,-1.7147327119185762,0.0,0.0,0.0
2023-04-17,2359.116455078125,189.4499969482422,2.52191732312311,2.500777917236132,0.21765995426011395,0.0,0.0,1.0,0.0,0.0,0.5073242962520208,0.1586059008397367,0.0,-0.0,0.0
2023-04-18,2332.112060546875,188.35000610351562,2.5162276331803763,2.492610987765698,0.2816194679364184,0.0,0.0,1.0,0.0,0.0,-1.1446825557560603,-0.5806233108713532,-0.0,0.0,0.0
2023-04-19,2343.720947265625,187.3000030517578,2.5267834680650947,2.486113990279917,0.5629291092322698,0.0,0.0,0.0,0.0,0.0,0.497784258104117,-0.5574743922125203,0.0,0.0,0.0
2023-04-20,2337.7919921875,195.8000030517578,2.479868424122776,2.4799281156232618,-0.0009353871094705833,0.0,0.0,1.0,0.0,0.0,-0.2529718857973373,4.5381739783801,-0.0,-0.0,-0.0
2023-04-21,2340.7314453125,199.25,2.4636584253042693,2.4739859466194454,-0.18430222830971774,0.0,0.0,1.0,0.0,0.0,0.12573629881629245,1.7620004568285053,0.0,-0.0,0.0
2023-04-24,2349.69970703125,201.39999389648438,2.45674986475206,2.4691130052281185,-0.24471691188968447,0.0,0.0,1.0,0.0,0.0,0.3831392848038906,1.0790433608453665,0.0,-0.0,0.0
2023-04-25,2367.686279296875,205.64999389648438,2.4434928388248687,2.465298309736263,-0.4558832244483747,0.0,0.0,1.0,0.0,0.0,0.7654838706325773,2.1102284651430603,0.0,-0.0,0.0
2023-04-26,2353.785400390625,211.35000610351562,2.41026456396277,2.462808178765117,-1.0787374728984798,0.0,0.0,0.0,0.0,0.0,-0.5871081413023171,2.7717055075140884,-0.0,-0.0,-0.0
2023-04-27,2368.682861328125,214.14999389648438,2.403412649366157,2.4621073580005155,-1.187538275327889,0.0,0.0,0.0,0.0,0.0,0.6329150030001784,1.3248108408368653,0.0,-0.0,0.0
2023-04-28,2411.979736328125,224.85000610351562,2.3727696162595757,2.4625572399256623,-1.8509026326421092,0.0,0.0,0.0,0.0,0.0,1.8278882203641045,4.9965036245592565,0.0,-0.0,0.0
2023-05-02,2432.45751953125,235.9499969482422,2.3330374449615836,2.4600987448288696,-2.393460578808694,1.0,0.0,0.0,0.0,0.0,0.8490031194996472,4.936620210548881,0.0,-0.0,0.0
2023-05-03,2411.581298828125,231.64999389648438,2.3428103663965083,2.458122091750418,-2.047232028896522,1.0,0.0,0.0,1.0,0.0,-0.8582357774185478,-1.8224213212009732,-0.8582357774185478,1.8224213212009732,0.9641855437824254
2023-05-04,2439.383056640625,238.14999389648438,2.3265997390593136,2.4552556096365032,-2.1182137706401036,1.0,0.0,0.0,1.0,0.0,1.1528434818270483,2.8059573370438295,1.1528434818270483,-2.8059573370438295,-1.6531138552167812
2023-05-05,2433.155029296875,239.85000610351562,2.316930306756869,2.452317808063382,-2.075995734587126,1.0,0.0,0.0,1.0,0.0,-0.2553115767036096,0.7138409618310471,-0.2553115767036096,-0.7138409618310471,-0.9691525385346567
2023-05-08,2463.19873046875,238.6999969482422,2.3340085606511067,2.4486121516067225,-1.66815838371528,0.0,0.0,0.0,1.0,0.0,1.234763128946903,-0.4794701380066324,1.234763128946903,0.4794701380066324,1.7142332669535354
2023-05-09,2470.822021484375,240.3000030517578,2.3304180210338363,2.4453907348160837,-1.5982699930315352,0.0,0.0,0.0,1.0,0.0,0.30948745309618,0.6703000100425571,0.30948745309618,-0.6703000100425571,-0.36081255694637715
2023-05-10,2487.81201171875,238.1999969482422,2.3460482489041112,2.4433074391203218,-1.3157849405406565,0.0,0.0,0.0,1.0,0.0,0.6876250125117389,-0.8739101443387409,0.6876250125117389,0.8739101443387409,1.5615351568504798
2023-05-11,2471.5693359375,242.64999389648438,2.3209885358486533,2.4403774550622095,-1.550380720564121,0.0,0.0,0.0,1.0,0.0,-0.6528899975054125,1.8681767444393094,-0.6528899975054125,-1.8681767444393094,-2.521066741944722
2023-05-12,2475.605224609375,240.85000610351562,2.330065821886847,2.436927322550844,-1.3425351036203788,0.0,0.0,0.0,1.0,0.0,0.1632925531641627,-0.7418041781351303,0.1632925531641627,0.7418041781351303,0.905096731299293
2023-05-15,2480.48779296875,235.85000610351562,2.353014474922078,2.432023657198243,-0.9863932041513834,0.0,0.0,0.0,1.0,0.0,0.19722726026099036,-2.0759808483671094,0.19722726026099036,2.0759808483671094,2.2732081086280997
2023-05-16,2445.16259765625,236.1999969482422,2.337188010963667,2.424727355848522,-1.1171461821779498,0.0,0.0,0.0,1.0,0.0,-1.4241229250405385,0.14839552074166207,-1.4241229250405385,-0.14839552074166207,-1.5725184457822006
2023-05-17,2430.713623046875,234.35000610351562,2.339124414843994,2.419311975174502,-1.021774755701493,0.0,0.0,0.0,1.0,0.0,-0.5909208092429008,-0.7832306810452438,-0.5909208092429008,0.7832306810452438,0.19230987180234305
2023-05-18,2425.482177734375,225.0500030517578,2.377463006486118,2.4153894756783183,-0.48941983513647075,0.0,0.0,1.0,1.0,0.0,-0.21522261046705848,-3.9684244973519966,-0.21522261046705848,3.9684244973519966,3.753201886884938
2023-05-19,2433.354248046875,236.10000610351562,2.332770463576325,2.409788332441034,-0.9979235514255688,0.0,0.0,0.0,0.0,0.0,0.32455692252717494,4.910021285010369,0.0,-0.0,0.0
2023-05-22,2446.3583984375,247.89999389648438,2.2893304153930916,2.4027405334589083,-1.4496900978606102,0.0,0.0,0.0,0.0,0.0,0.534412546018026,4.997876953800318,0.0,-0.0,0.0
2023-05-23,2445.909912109375,260.25,2.2405297773744164,2.3942094278270156,-1.8846590552365061,0.0,0.0,0.0,0.0,0.0,-0.018332813720645103,4.98185010390626,-0.0,-0.0,-0.0
2023-05-24,2431.660400390625,256.04998779296875,2.250956905104335,2.3865737773114564,-1.616029579999454,0.0,0.0,0.0,0.0,0.0,-0.5825853048880725,-1.613837543527863,-0.0,0.0,0.0
2023-05-25,2431.361328125,259.1499938964844,2.238799575723178,2.3783684009411186,-1.6233218240240268,0.0,0.0,0.0,0.0,0.0,-0.012299096764378792,1.2107034763938929,-0.0,-0.0,-0.0
2023-05-26,2497.677001953125,258.04998779296875,2.2699630623745066,2.37078778891549,-1.1841702139695898,0.0,0.0,0.0,0.0,0.0,2.727512075684202,-0.42446696099672776,0.0,0.0,0.0
2023-05-29,2511.7275390625,256.3999938964844,2.281987356714615,2.3629059771978738,-0.9881852907265507,0.0,0.0,0.0,0.0,0.0,0.5625442000061653,-0.6394086318686987,0.0,0.0,0.0
2023-05-30,2511.07958984375,251.10000610351562,2.302616764657631,2.3555959585823576,-0.6895255316026895,0.0,0.0,0.0,0.0,0.0,-0.025796954831802665,-2.0670779715807996,-0.0,0.0,0.0
2023-05-31,2461.205810546875,249.64999389648438,2.2883467632245065,2.3479999295838287,-0.8344920000642636,0.0,0.0,0.0,0.0,0.0,-1.9861488858653908,-0.5774640269954778,-0.0,0.0,0.0
2023-06-01,2454.579345703125,254.14999389648438,2.267786059723949,2.3393666826391235,-1.110799231365761,0.0,0.0,0.0,0.0,0.0,-0.26923651875653265,1.8025235770147363,-0.0,-0.0,-0.0
2023-06-02,2446.5576171875,255.64999389648438,2.2586279636638302,2.331992000623826,-1.2159294475359193,0.0,0.0,0.0,0.0,0.0,-0.3268066493620325,0.590202650412408,-0.0,-0.0,-0.0
2023-06-05,2468.530029296875,259.45001220703125,2.25281406975925,2.3249638554389915,-1.2739104100217935,0.0,0.0,0.0,0.0,0.0,0.8980950195088377,1.4864143951771602,0.0,-0.0,0.0
2023-06-06,2470.622802734375,263.0,2.2400715125166046,2.3177412436978098,-1.466942500325726,0.0,0.0,0.0,0.0,0.0,0.084778123525453,1.3682742824987715,0.0,-0.0,0.0
2023-06-07,2489.3564453125,274.8500061035156,2.203553983842148,2.3097432818650527,-2.0661206965228454,1.0,0.0,0.0,0.0,0.0,0.758255876105074,4.505705742781596,0.0,-0.0,0.0
2023-06-08,2490.85107421875,279.1499938964844,2.188630478042784,2.302355479001053,-2.171650751537631,1.0,0.0,0.0,1.0,0.0,0.060040775159553306,1.5644852455812819,0.060040775159553306,-1.5644852455812819,-1.5044444704217286
2023-06-09,2473.21337890625,276.20001220703125,2.1921482620511505,2.2953133327572193,-1.9645097882263611,0.0,0.0,0.0,1.0,0.0,-0.7080991511317913,-1.0567729729369257,-0.7080991511317913,1.0567729729369257,0.3486738218051344
2023-06-12,2475.40576171875,271.54998779296875,2.2100133661665176,2.2898881244207843,-1.517277225566842,0.0,0.0,0.0,1.0,0.0,0.08864511372930206,-1.6835714006330216,0.08864511372930206,1.6835714006330216,1.7722165143623236
2023-06-13,2511.9765625,267.79998779296875,2.238584809655164,2.2867397032439034,-0.912057310765152,0.0,0.0,0.0,1.0,0.0,1.4773659069072353,-1.3809612110382452,1.4773659069072353,1.3809612110382452,2.8583271179454806
2023-06-14,2542.86767578125,265.25,2.2603749518833576,2.283991856093465,-0.4548963538849241,0.0,0.0,1.0,1.0,0.0,1.2297532446125192,-0.9521986218087863,1.2297532446125192,0.9521986218087863,2.1819518664213056
2023-06-15,2543.56494140625,269.25,2.24568158020085,2.2812945841315164,-0.6884560335826261,0.0,0.0,0.0,0.0,0.0,0.027420444706605096,1.5080113100848225,0.0,-0.0,0.0
2023-06-16,2568.327392578125,266.1000061035156,2.2671379450849107,2.279634838742451,-0.243398475909554,0.0,0.0,1.0,0.0,0.0,0.9735332787762285,-1.1699141676822178,0.0,0.0,0.0
2023-06-19,2542.817626953125,263.6499938964844,2.2664056043154526,2.277381406864596,-0.21799653350610482,0.0,0.0,1.0,0.0,0.0,-0.9932443075099107,-0.9207110675819252,-0.0,0.0,0.0
2023-06-20,2548.09912109375,261.70001220703125,2.2759040612823367,2.275564274872879,0.0068863471328508095,0.0,0.0,1.0,0.0,0.0,0.20770243546539557,-0.7396099884677931,0.0,0.0,0.0
2023-06-21,2555.273681640625,260.6499938964844,2.2827361252056946,2.2734538707495986,0.19523239471586848,0.0,0.0,1.0,0.0,0.0,0.2815652062936769,-0.40122975222339763,0.0,0.0,0.0
2023-06-22,2526.574951171875,256.6000061035156,2.287101414333345,2.2723243000324223,0.3159349663195815,0.0,0.0,1.0,0.0,0.0,-1.1231176791334452,-1.5538031413026565,-0.0,0.0,0.0
2023-06-23,2505.89794921875,242.39999389648438,2.335813183032876,2.2725158787372894,1.3459384554848621,0.0,0.0,0.0,0.0,0.0,-0.8183807071915572,-5.533909535957992,-0.0,0.0,0.0
2023-06-26,2486.765625,250.60000610351562,2.2948801324967047,2.27057806732311,0.5431959525413553,0.0,0.0,0.0,0.0,0.0,-0.7634917545111808,3.382843404910729,-0.0,-0.0,-0.0
2023-06-27,2487.662353515625,253.10000610351562,2.285314042981762,2.2688489350570467,0.3824979866535374,0.0,0.0,1.0,0.0,0.0,0.03606003342695452,0.9976057219118095,0.0,-0.0,0.0
2023-06-28,2487.662353515625,253.10000610351562,2.285314042981762,2.267055255994973,0.4443194695795273,0.0,0.0,1.0,0.0,0.0,0.0,0.0,0.0,-0.0,0.0
2023-06-30,2541.273193359375,249.85000610351562,2.3195597294343107,2.265125146759912,1.4762995385120916,0.0,0.0,0.0,0.0,0.0,2.155068985466846,-1.2840774087815587,0.0,0.0,0.0
2023-07-03,2606.49267578125,248.4499969482422,2.3505191884568144,2.265716770922595,2.2248202631388097,0.0,1.0,0.0,0.0,0.0,2.5664097269156416,-0.5603398523406078,0.0,0.0,0.0
2023-07-04,2579.637451171875,247.10000610351562,2.345611007544657,2.267592790660981,1.9206131825220814,0.0,0.0,0.0,0.0,1.0,-1.0303203557372576,-0.5433652088181695,1.0303203557372576,-0.5433652088181695,0.48695514691908803
2023-07-05,2575.402587890625,245.64999389648438,2.349853411920886,2.27123691181253,1.8305429919526122,0.0,0.0,0.0,0.0,1.0,-0.16416505657902425,-0.5868118863679106,0.16416505657902425,-0.5868118863679106,-0.42264682978888635
2023-07-06,2629.461669921875,246.4499969482422,2.367375295209161,2.2751175248160243,1.9974070390457994,0.0,0.0,0.0,0.0,1.0,2.0990536503082025,0.3256678492306042,-2.0990536503082025,0.3256678492306042,-1.7733858010775982
2023-07-07,2624.329833984375,243.75,2.376437731213547,2.2797054633323697,1.9663071875868803,0.0,0.0,0.0,0.0,1.0,-0.19516679007731685,-1.095555683374272,0.19516679007731685,-1.095555683374272,-0.900388893296955
2023-07-10,2725.422607421875,242.0500030517578,2.421234451371627,2.284747842965607,2.4588121384458366,0.0,1.0,0.0,0.0,1.0,3.8521367294756637,-0.697434645432693,-3.8521367294756637,-0.697434645432693,-4.549571374908357
2023-07-11,2754.96826171875,244.1999969482422,2.4231736520937353,2.289454052811578,2.1927608413595716,0.0,1.0,0.0,0.0,1.0,1.0840760701263719,0.8882436973258967,-1.0840760701263719,0.8882436973258967,-0.19583237280047516
2023-07-12,2758.007568359375,240.85000610351562,2.438089444079395,2.2939698087923035,2.159575936902348,0.0,1.0,0.0,0.0,1.0,0.11032093120117992,-1.371822639881759,-0.11032093120117992,-1.371822639881759,-1.482143571082939
2023-07-13,2733.3447265625,237.1999969482422,2.4443776585723085,2.29917083863723,2.012767366196416,0.0,1.0,0.0,0.0,1.0,-0.8942267628201606,-1.5154698205424588,0.8942267628201606,-1.5154698205424588,-0.6212430577222983
2023-07-14,2731.052734375,241.89999389648438,2.4239180384506467,2.3043752379281197,1.5862765414128994,0.0,0.0,0.0,0.0,1.0,-0.0838530231926704,1.98144899186814,0.0838530231926704,1.98144899186814,2.0653020150608103
2023-07-17,2786.85546875,245.6999969482422,2.4285578999528914,2.310039569137755,1.5167709703972345,0.0,0.0,0.0,0.0,1.0,2.0432682852522976,1.570898366117346,-2.0432682852522976,1.570898366117346,-0.47236991913495174
2023-07-18,2810.52197265625,246.5500030517578,2.4335606754230974,2.3160644559932164,1.4594639798444005,0.0,0.0,0.0,0.0,1.0,0.8492189197333966,0.3459528343806584,-0.8492189197333966,0.3459528343806584,-0.5032660853527382
2023-07-19,2831.8466796875,245.6999969482422,2.4445730477131757,2.3228811738331023,1.4753465162589858,0.0,0.0,0.0,0.0,1.0,0.7587454301627661,-0.3447601269496614,-0.7587454301627661,-0.3447601269496614,-1.1035055571124275
2023-07-20,2610.628173828125,244.14999389648438,2.3695633854770493,2.3284148205542654,0.5161338592350682,0.0,0.0,0.0,0.0,1.0,-7.81181083870639,-0.6308518807529029,7.81181083870639,-0.6308518807529029,7.180958957953488
2023-07-21,2529.8134765625,241.75,2.3479967199915106,2.333727028619223,0.18956856847992654,0.0,0.0,1.0,0.0,1.0,-3.0956035055394904,-0.9829997773835419,3.0956035055394904,-0.9829997773835419,2.1126037281559484
2023-07-24,2478.644287109375,238.0,2.3431963575917223,2.3387619651372424,0.06301538810220529,0.0,0.0,1.0,0.0,0.0,-2.022646725823185,-1.5511892450879028,-0.0,0.0,0.0
2023-07-25,2477.050048828125,260.1499938964844,2.2535652704315696,2.3402136952794104,-1.2736281584934317,0.0,0.0,0.0,0.0,0.0,-0.06431896216577693,9.306720124573275,-0.0,-0.0,-0.0
2023-07-26,2517.3076171875,255.5,2.287722793831322,2.341851628085282,-0.8193313725333486,0.0,0.0,0.0,0.0,0.0,1.625222242821489,-1.7874280244398744,0.0,0.0,0.0
2023-07-27,2493.890380859375,253.0,2.2882096834026986,2.3427794524692604,-0.838646401968539,0.0,0.0,0.0,0.0,0.0,-0.9302492936595574,-0.9784735812133127,-0.0,0.0,0.0
2023-07-28,2518.9521484375,258.54998779296875,2.276509228289902,2.343807040738896,-1.0562839426182744,0.0,0.0,0.0,0.0,0.0,1.0049265906181937,2.1936710644145263,0.0,-0.0,0.0
2023-07-31,2540.276611328125,273.29998779296875,2.2294582079121623,2.342551049499804,-1.7234959579165972,0.0,0.0,0.0,0.0,0.0,0.8465608568170913,5.704892940010864,0.0,-0.0,0.0
2023-08-01,2504.353515625,273.20001220703125,2.2155817302381013,2.3408569203638923,-1.835396909439803,0.0,0.0,0.0,0.0,0.0,-1.4141411034896523,-0.036580896598226165,-0.0,0.0,0.0
2023-08-02,2477.59814453125,267.70001220703125,2.2251778836351157,2.3391660477756515,-1.6166082044259982,0.0,0.0,0.0,0.0,0.0,-1.0683544047124238,-2.013177069637939,-0.0,0.0,0.0
2023-08-03,2467.184814453125,274.8500061035156,2.1946075118647017,2.3362284273309517,-1.896962731609236,0.0,0.0,0.0,0.0,0.0,-0.4202993976690772,2.670897859711263,-0.0,-0.0,-0.0
2023-08-04,2500.71630859375,278.5,2.1949144338864524,2.3331555279827216,-1.7600357853824198,0.0,0.0,0.0,0.0,0.0,1.3590994052894878,1.327994839159552,0.0,-0.0,0.0
2023-08-07,2514.966064453125,273.29998779296875,2.219444540914906,2.3292765732454566,-1.3520110633294462,0.0,0.0,0.0,0.0,0.0,0.5698269655940447,-1.8671498050381485,0.0,0.0,0.0
2023-08-08,2499.8193359375,280.25,2.188291680667737,2.325723624851158,-1.616192885977682,0.0,0.0,0.0,0.0,0.0,-0.6022637334837655,2.542997628048216,-0.0,-0.0,-0.0
2023-08-09,2516.311279296875,277.1499938964844,2.205990476235585,2.3230795059596185,-1.3376887400972564,0.0,0.0,0.0,0.0,0.0,0.6597254098440697,-1.106157396437335,0.0,0.0,0.0
2023-08-10,2527.521728515625,281.8999938964844,2.1934421712299565,2.320017110234558,-1.399299195605285,0.0,0.0,0.0,0.0,0.0,0.44551122553813105,1.7138733915232018,0.0,-0.0,0.0
2023-08-11,2538.183837890625,288.1000061035156,2.1758964165322796,2.315228333137824,-1.479012206915871,0.0,0.0,0.0,0.0,0.0,0.4218404635145001,2.1993658535898852,0.0,-0.0,0.0
2023-08-14,2568.177978515625,286.1000061035156,2.194610547294269,2.310031378432406,-1.196499766424891,0.0,0.0,0.0,0.0,0.0,1.1817166344391783,-0.6942033868896913,0.0,0.0,0.0
2023-08-16,2566.08544921875,279.8999938964844,2.2157044704586846,2.3057011605295394,-0.9209582177870468,0.0,0.0,0.0,0.0,0.0,-0.08147913868821188,-2.1670786699626965,-0.0,0.0,0.0
2023-08-17,2529.066162109375,286.54998779296875,2.177692409301858,2.2999624604422393,-1.221901036169482,0.0,0.0,0.0,0.0,0.0,-1.44263657005832,2.3758463885296566,-0.0,-0.0,-0.0
2023-08-18,2547.800048828125,304.6000061035156,2.123986079341638,2.2918494865799883,-1.611084137585229,0.0,0.0,0.0,0.0,0.0,0.7407432434715311,6.299081863366873,0.0,-0.0,0.0
2023-08-21,2520.0,324.8500061035156,2.048650624390209,2.280923249685877,-2.0754001708114944,1.0,0.0,0.0,0.0,0.0,-1.091139347489678,6.648062900273954,-0.0,-0.0,-0.0
2023-08-22,2519.39990234375,347.3999938964844,1.9812991819186179,2.2662587407041097,-2.348728462330516,1.0,0.0,0.0,1.0,0.0,-0.02381339905753732,6.941661495854512,-0.02381339905753732,-6.941661495854512,-6.965474894912049
2023-08-23,2522.199951171875,322.8500061035156,2.055698958184846,2.25400958424048,-1.6061721182711135,0.0,0.0,0.0,1.0,0.0,0.11113951483130435,-7.066778418045672,0.11113951483130435,7.066778418045672,7.177917932876976
2023-08-24,2479.800048828125,328.79998779296875,2.020483584380073,2.2400893889171694,-1.7495337214558084,0.0,0.0,0.0,1.0,0.0,-1.6810682406067756,1.8429554210834809,-1.6810682406067756,-1.8429554210834809,-3.5240236616902565
2023-08-25,2468.35009765625,325.04998779296875,2.0273262506726697,2.226187675320515,-1.588207785584938,0.0,0.0,0.0,1.0,0.0,-0.46172880661430327,-1.140510991247734,-0.46172880661430327,1.140510991247734,0.6787821846334308
2023-08-28,2443.75,321.79998779296875,2.02735882710899,2.21296903494246,-1.4902749365195487,0.0,0.0,0.0,1.0,0.0,-0.99662109032298,-0.9998462150596965,-0.99662109032298,0.9998462150596965,0.0032251247367165448
2023-08-29,2420.35009765625,332.70001220703125,1.9844262574250198,2.198164646858197,-1.7176874896525636,0.0,0.0,0.0,1.0,0.0,-0.9575407608695685,3.387204731988702,-0.9575407608695685,-3.387204731988702,-4.344745492858271
2023-08-30,2418.050048828125,328.3999938964844,1.996484370407954,2.183595436691026,-1.540332781307942,0.0,0.0,0.0,1.0,0.0,-0.09502959222107421,-1.29246112196445,-0.09502959222107421,1.29246112196445,1.1974315297433757
2023-08-31,2407.0,321.29998779296875,2.0137612096538877,2.1692350420890496,-1.3538045647505583,0.0,0.0,0.0,1.0,0.0,-0.4569818078612675,-2.1619994626898897,-0.4569818078612675,2.1619994626898897,1.7050176548286222
2023-09-01,2412.64990234375,330.25,1.988631023566893,2.1565372966920444,-1.4862549354834518,0.0,0.0,0.0,1.0,0.0,0.23472797439758608,2.785562573005218,0.23472797439758608,-2.785562573005218,-2.550834598607632
2023-09-04,2410.699951171875,341.75,1.9535929448831242,2.1433905041884316,-1.681519451902327,0.0,0.0,0.0,1.0,0.0,-0.08082196965174537,3.482210446631351,-0.08082196965174537,-3.482210446631351,-3.563032416283096
2023-09-05,2423.60009765625,342.45001220703125,1.9568836600746295,2.1305134142711952,-1.5597733760951142,0.0,0.0,0.0,1.0,0.0,0.5351203694223372,0.20483166262801333,0.5351203694223372,-0.20483166262801333,0.33028870679432387
2023-09-06,2428.699951171875,347.54998779296875,1.9442028892301408,2.120201334897814,-1.5462060902184311,0.0,0.0,0.0,1.0,0.0,0.210424711591517,1.489261324030644,0.210424711591517,-1.489261324030644,-1.278836612439127
2023-09-07,2432.0,358.79998779296875,1.9137041469232434,2.1077340466675447,-1.6825638402679062,0.0,0.0,0.0,1.0,0.0,0.13587717274554656,3.236944438249112,0.13587717274554656,-3.236944438249112,-3.1010672655035654
2023-09-08,2448.199951171875,369.1499938964844,1.8919052707257091,2.094523899578312,-1.7373867344269849,0.0,0.0,0.0,1.0,0.0,0.6661164133172193,2.8846171838466494,0.6661164133172193,-2.8846171838466494,-2.21850077052943
2023-09-11,2474.60009765625,398.3999938964844,1.8263775748529496,2.0795195111304134,-2.087501966173243,1.0,0.0,0.0,1.0,0.0,1.0783492774655956,7.923608420322004,1.0783492774655956,-7.923608420322004,-6.845259142856408
2023-09-12,2438.85009765625,386.29998779296875,1.842667697679237,2.0666264941226493,-1.7878089626651834,0.0,0.0,0.0,1.0,0.0,-1.4446778707339236,-3.037150172913794,-1.4446778707339236,3.037150172913794,1.5924723021798703
2023-09-13,2451.050048828125,377.1000061035156,1.8717613826284345,2.055165815868994,-1.445384818970174,0.0,0.0,0.0,1.0,0.0,0.5002337447307381,-2.38156406424318,0.5002337447307381,2.38156406424318,2.8817978089739182
2023-09-14,2453.300048828125,377.1499938964844,1.8725463857926434,2.043411432607578,-1.3461301525090634,0.0,0.0,0.0,1.0,0.0,0.09179739112532559,0.013255845176263215,0.09179739112532559,-0.013255845176263215,0.07854154594906237
2023-09-15,2457.85009765625,379.3999938964844,1.868451261358864,2.0325395575907166,-1.2869626175417592,0.0,0.0,0.0,1.0,0.0,0.18546646303203573,0.5965796198892592,0.18546646303203573,-0.5965796198892592,-0.4111131568572235
2023-09-18,2436.449951171875,375.0,1.8713712948224193,2.0217547862885823,-1.184357801150962,0.0,0.0,0.0,1.0,0.0,-0.8706855843154004,-1.1597242929015095,-0.8706855843154004,1.1597242929015095,0.289038708586109
2023-09-20,2382.14990234375,368.3999938964844,1.8665893914162404,2.00999294797196,-1.1532575839245853,0.0,0.0,0.0,1.0,0.0,-2.2286543912797385,-1.7600016276041686,-2.2286543912797385,1.7600016276041686,-0.46865276367556996
2023-09-21,2364.800048828125,382.45001220703125,1.8218507937159163,1.9977782517402327,-1.4161890493739562,0.0,0.0,0.0,1.0,0.0,-0.7283275287820801,3.813794392867109,-0.7283275287820801,-3.813794392867109,-4.542121921649189
2023-09-22,2354.949951171875,383.8999938964844,1.8138926679603318,1.9847083247977244,-1.3981351769571397,0.0,0.0,0.0,1.0,0.0,-0.4165298313965837,0.3791297275912209,-0.4165298313965837,-0.3791297275912209,-0.7956595589878046
2023-09-25,2340.449951171875,381.1499938964844,1.8149054942717315,1.9720904355657833,-1.316584257790153,0.0,0.0,0.0,1.0,0.0,-0.6157243381238131,-0.716332389612262,-0.6157243381238131,0.716332389612262,0.10060805148844887
2023-09-26,2342.5,377.5,1.825403445423498,1.9604073365288242,-1.165297182448134,0.0,0.0,0.0,1.0,0.0,0.08759208147555153,-0.9576266443482306,0.08759208147555153,0.9576266443482306,1.0452187258237822
2023-09-27,2368.89990234375,375.3500061035156,1.8423220098599018,1.9486643852810122,-0.9761185135163399,0.0,0.0,0.0,1.0,0.0,1.126996898345789,-0.5695348070157258,1.126996898345789,0.5695348070157258,1.6965317053615148
2023-09-28,2334.10009765625,375.3999938964844,1.8273895907753628,1.9357205559582344,-1.0974660736630197,0.0,0.0,0.0,1.0,0.0,-1.4690280772551745,0.013317648103350344,-1.4690280772551745,-0.013317648103350344,-1.4823457253585248
2023-09-29,2345.0,377.45001220703125,1.8266025389539564,1.9240175602799712,-1.0895692358585003,0.0,0.0,0.0,1.0,0.0,0.4669852143314168,0.5460890633664173,0.4669852143314168,-0.5460890633664173,-0.07910384903500045
2023-10-03,2318.14990234375,366.70001220703125,1.843980582270794,1.914684043710943,-0.8608624430105306,0.0,0.0,0.0,1.0,0.0,-1.1449935034648195,-2.8480592535002014,-1.1449935034648195,2.8480592535002014,1.7030657500353819
2023-10-04,2314.14990234375,372.04998779296875,1.8277694652376455,1.9073213384058576,-0.9997993851557808,0.0,0.0,0.0,1.0,0.0,-0.1725513952292701,1.4589515701780353,-0.1725513952292701,-1.4589515701780353,-1.6315029654073054
2023-10-05,2314.10009765625,365.8500061035156,1.8445527342190082,1.902763123482537,-0.735915856204604,0.0,0.0,0.0,1.0,0.0,-0.0021521806970903334,-1.6664378155827775,-0.0021521806970903334,1.6664378155827775,1.6642856348856871
2023-10-06,2318.0,364.29998779296875,1.850482353393363,1.8959225699894877,-0.6129384050175716,0.0,0.0,0.0,1.0,0.0,0.16852781552967322,-0.42367590124032795,0.16852781552967322,0.42367590124032795,0.5922037167700012
2023-10-09,2298.25,342.0,1.9050925056812589,1.8920762006995273,0.18503216165785133,0.0,0.0,1.0,1.0,0.0,-0.8520276100086321,-6.121325429646129,-0.8520276100086321,6.121325429646129,5.269297819637497
2023-10-10,2308.39990234375,349.6499938964844,1.8873772438382719,1.8874112338050473,-0.0005185800700623396,0.0,0.0,1.0,0.0,0.0,0.4416361293919202,2.236840320609468,0.0,-0.0,0.0
2023-10-11,2345.050048828125,349.79998779296875,1.9027004957491467,1.8832559560930524,0.3235862525463449,0.0,0.0,1.0,0.0,0.0,1.5876861910782303,0.042898298041671445,0.0,-0.0,0.0
2023-10-12,2349.39990234375,347.25,1.9118702321888679,1.880837421918514,0.5418452454871342,0.0,0.0,0.0,0.0,0.0,0.18549086053829544,-0.7289845288610985,0.0,0.0,0.0
2023-10-13,2349.300048828125,341.8999938964844,1.9273544324156193,1.878533090652103,0.9084590410966566,0.0,0.0,0.0,0.0,0.0,-0.004250171097963662,-1.5406785035322224,-0.0,0.0,0.0
2023-10-16,2344.050048828125,329.6499938964844,1.9616040353139175,1.876794518174104,1.6987969820748094,0.0,0.0,0.0,0.0,0.0,-0.2234708164509991,-3.5829190461199256,-0.0,0.0,0.0
2023-10-17,2355.25,335.5,1.9487802015170406,1.875466157439109,1.5497663744973407,0.0,0.0,0.0,0.0,0.0,0.477803414542044,1.7746113186195345,0.0,-0.0,0.0
2023-10-18,2324.0,333.95001220703125,1.9400538002466878,1.8750148526178945,1.39584407039149,0.0,0.0,0.0,0.0,0.0,-1.3268230548774018,-0.46199338091468256,-0.0,0.0,0.0
2023-10-19,2306.14990234375,344.45001220703125,1.901385726590731,1.8731649215017643,0.6373802565066716,0.0,0.0,0.0,0.0,0.0,-0.7680764912327831,3.1441831460364167,-0.0,-0.0,-0.0
2023-10-20,2299.10009765625,338.29998779296875,1.916340023762538,1.872236159319511,1.0254608093698898,0.0,0.0,0.0,0.0,0.0,-0.3056958561251877,-1.7854620978692393,-0.0,0.0,0.0
2023-10-23,2263.199951171875,316.45001220703125,1.9673697086163138,1.8740250113759465,2.0373194879730177,0.0,1.0,0.0,0.0,0.0,-1.5614868844106566,-6.458757426650907,-0.0,0.0,0.0
2023-10-25,2257.949951171875,312.70001220703125,1.976968275848331,1.876860444880034,2.0244187435495644,0.0,1.0,0.0,0.0,1.0,-0.23197243342469864,-1.18502128467185,0.23197243342469864,-1.18502128467185,-0.9530488512471513
2023-10-26,2226.5,327.3500061035156,1.9171561712294283,1.8798863980925833,0.7601396094395122,0.0,0.0,1.0,0.0,1.0,-1.3928542196230964,4.6849994642101045,1.3928542196230964,4.6849994642101045,6.077853683833201
2023-10-27,2265.800048828125,354.1499938964844,1.855962663024083,1.8803295636040782,-0.49992209040892177,0.0,0.0,1.0,0.0,0.0,1.7651043713507786,8.186951975951384,0.0,-0.0,0.0
2023-10-30,2312.5,357.95001220703125,1.8656911234417712,1.8801272216311893,-0.2958776657974564,0.0,0.0,1.0,0.0,0.0,2.061079979057645,1.0729968589686223,0.0,-0.0,0.0
2023-10-31,2287.89990234375,363.04998779296875,1.8408490703643392,1.8790706444502459,-0.7752677027474242,0.0,0.0,0.0,0.0,0.0,-1.0637880067567607,1.424773128094703,-0.0,-0.0,-0.0
2023-11-01,2297.39990234375,365.20001220703125,1.8390881030575934,1.8780918725068705,-0.7830809797682537,0.0,0.0,0.0,0.0,0.0,0.4152279560075245,0.5922116750733952,0.0,-0.0,0.0
2023-11-02,2320.199951171875,372.95001220703125,1.8279642516643302,1.876644971068267,-0.9614294570100503,0.0,0.0,0.0,0.0,0.0,0.9924283884954033,2.122124792155411,0.0,-0.0,0.0
2023-11-03,2319.699951171875,384.6499938964844,1.7968593108676658,1.8743206350499817,-1.4706717764745634,0.0,0.0,0.0,0.0,0.0,-0.02154986684433924,3.137144739643616,-0.0,-0.0,-0.0
2023-11-06,2339.0,394.0,1.7811278572862452,1.8729632038356592,-1.6831853377805053,0.0,0.0,0.0,0.0,0.0,0.8320062609121104,2.4307828550315547,0.0,-0.0,0.0
2023-11-07,2323.800048828125,383.79998779296875,1.8008375249930608,1.8725280324034168,-1.3011628174072465,0.0,0.0,0.0,0.0,0.0,-0.6498482758390378,-2.5888355855409273,-0.0,0.0,0.0
2023-11-08,2335.89990234375,393.3999938964844,1.781325602565774,1.871408702679885,-1.5907847197039682,0.0,0.0,0.0,0.0,0.0,0.5206925407255536,2.5013044316963606,0.0,-0.0,0.0
2023-11-09,2310.550048828125,401.1000061035156,1.7510301035534968,1.868929591284218,-1.9576395543574598,0.0,0.0,0.0,0.0,0.0,-1.0852285875002532,1.9572985069891358,-0.0,-0.0,-0.0
2023-11-10,2314.89990234375,399.3999938964844,1.757158321157109,1.8660908016607916,-1.7169891306996807,0.0,0.0,0.0,0.0,0.0,0.188260519084249,-0.42383749218705136,0.0,0.0,0.0
2023-11-13,2314.60009765625,390.6000061035156,1.7793081735368133,1.86448808775284,-1.309604930057359,0.0,0.0,0.0,0.0,0.0,-0.01295108644638887,-2.203301934764057,-0.0,0.0,0.0
2023-11-15,2356.449951171875,391.0,1.7962039475243494,1.8634748013718532,-1.0210444344158411,0.0,0.0,0.0,0.0,0.0,1.808081385549154,0.10240498981926027,0.0,-0.0,0.0
2023-11-16,2360.699951171875,389.54998779296875,1.8017212480846694,1.8620661568989822,-0.9038885228780871,0.0,0.0,0.0,0.0,0.0,0.1803560477864785,-0.3708471117726986,0.0,0.0,0.0
2023-11-17,2355.550048828125,387.29998779296875,1.8053299905570845,1.86131817440963,-0.8321343734059713,0.0,0.0,0.0,0.0,0.0,-0.21815149956662117,-0.5775895444760759,-0.0,0.0,0.0
2023-11-20,2349.35009765625,389.95001220703125,1.7958754576206133,1.8596955985230172,-0.9346769662507047,0.0,0.0,0.0,0.0,0.0,-0.26320608959081726,0.684230440895095,-0.0,-0.0,-0.0
2023-11-21,2378.89990234375,392.5,1.8018568966777457,1.8580747499658299,-0.8138180959866085,0.0,0.0,0.0,0.0,0.0,1.2577863434223513,0.6539268401445586,0.0,-0.0,0.0
2023-11-22,2388.199951171875,387.20001220703125,1.8193538157248628,1.85521679363395,-0.5209611832647915,0.0,0.0,0.0,0.0,0.0,0.39093905628238,-1.3503153612659191,0.0,0.0,0.0
2023-11-23,2395.5,381.70001220703125,1.8367122645912983,1.8535279609923843,-0.24496597629697797,0.0,0.0,1.0,0.0,0.0,0.3056715927216569,-1.4204545006726965,0.0,0.0,0.0
2023-11-24,2393.89990234375,397.20001220703125,1.796239110453566,1.8499792481491981,-0.781480856329061,0.0,0.0,0.0,0.0,0.0,-0.06679597813609162,4.060780587974655,-0.0,-0.0,-0.0
2023-11-28,2394.39990234375,446.20001220703125,1.6801206063970295,1.8422542606228036,-2.180274816822348,1.0,0.0,0.0,0.0,0.0,0.020886420501975422,12.336354102240033,0.0,-0.0,0.0
